X,Subject,RotAccErrTot,RotErrTot,RotPartial,RotSpeedErrTot,OspanAccErrTot,OspanMathErrTot,OspanPartial,OspanSpeedErrTot,SymmAccErrTot,SymmSpeedErrTot,SspanPartial,SymmErrTot,ZRotErrTot,ZRotPartial,ZOspanMathErrTot,ZOspanPartial,ZSspanPartial,ZSymmErrTot,Melody,AscendingDescending,Condition,cadence_type,change
1,1,2,2,9,0,0,1,17,1,0,0,14,0,0.40916,-0.0043,-0.46824,-0.44862,1.2911,-0.61182,mel3P001.aif,2,A,descending,no_change
2,1,2,2,9,0,0,1,17,1,0,0,14,0,0.40916,-0.0043,-0.46824,-0.44862,1.2911,-0.61182,mel5P001.aif,1,A,ascending,no_change
3,1,2,2,9,0,0,1,17,1,0,0,14,0,0.40916,-0.0043,-0.46824,-0.44862,1.2911,-0.61182,mel4P001.aif,2,A,descending,no_change
4,1,2,2,9,0,0,1,17,1,0,0,14,0,0.40916,-0.0043,-0.46824,-0.44862,1.2911,-0.61182,mel1P001.aif,2,A,descending,no_change
5,1,2,2,9,0,0,1,17,1,0,0,14,0,0.40916,-0.0043,-0.46824,-0.44862,1.2911,-0.61182,mel6P001.aif,2,A,ascending,change
6,1,2,2,9,0,0,1,17,1,0,0,14,0,0.40916,-0.0043,-0.46824,-0.44862,1.2911,-0.61182,mel7P001.aif,1,A,ascending,no_change
7,1,2,2,9,0,0,1,17,1,0,0,14,0,0.40916,-0.0043,-0.46824,-0.44862,1.2911,-0.61182,mel2P001.aif,2,A,descending,no_change
8,1,2,2,9,0,0,1,17,1,0,0,14,0,0.40916,-0.0043,-0.46824,-0.44862,1.2911,-0.61182,mel8P001.aif,1,A,ascending,no_change
10,2,3,3,3,0,1,1,19,0,1,0,10,1,0.98198,-1.81101,-0.46824,-0.07477,0.08607,0.02739,mel2P002.aif,2,B,ascending,change
11,2,3,3,3,0,1,1,19,0,1,0,10,1,0.98198,-1.81101,-0.46824,-0.07477,0.08607,0.02739,mel6P002.aif,2,B,descending,no_change
12,2,3,3,3,0,1,1,19,0,1,0,10,1,0.98198,-1.81101,-0.46824,-0.07477,0.08607,0.02739,mel4P002.aif,1,B,ascending,no_change
13,2,3,3,3,0,1,1,19,0,1,0,10,1,0.98198,-1.81101,-0.46824,-0.07477,0.08607,0.02739,mel3P002.aif,2,B,ascending,change
14,2,3,3,3,0,1,1,19,0,1,0,10,1,0.98198,-1.81101,-0.46824,-0.07477,0.08607,0.02739,mel5P002.aif,2,B,descending,no_change
15,2,3,3,3,0,1,1,19,0,1,0,10,1,0.98198,-1.81101,-0.46824,-0.07477,0.08607,0.02739,mel8P002.aif,2,B,descending,no_change
16,2,3,3,3,0,1,1,19,0,1,0,10,1,0.98198,-1.81101,-0.46824,-0.07477,0.08607,0.02739,mel7P002.aif,2,B,descending,no_change
17,3,0,0,8,0,1,2,16,1,0,1,9,1,-0.73649,-0.30542,0.27669,-0.63554,-0.21518,0.02739,mel6P003.aif,2,A,ascending,change
18,3,0,0,8,0,1,2,16,1,0,1,9,1,-0.73649,-0.30542,0.27669,-0.63554,-0.21518,0.02739,mel5P003.aif,1,A,ascending,no_change
19,3,0,0,8,0,1,2,16,1,0,1,9,1,-0.73649,-0.30542,0.27669,-0.63554,-0.21518,0.02739,mel1P003.aif,2,A,descending,no_change
20,3,0,0,8,0,1,2,16,1,0,1,9,1,-0.73649,-0.30542,0.27669,-0.63554,-0.21518,0.02739,mel3P003.aif,2,A,descending,no_change
21,3,0,0,8,0,1,2,16,1,0,1,9,1,-0.73649,-0.30542,0.27669,-0.63554,-0.21518,0.02739,mel2P003.aif,1,A,descending,change
22,3,0,0,8,0,1,2,16,1,0,1,9,1,-0.73649,-0.30542,0.27669,-0.63554,-0.21518,0.02739,mel8P003.aif,1,A,ascending,no_change
23,3,0,0,8,0,1,2,16,1,0,1,9,1,-0.73649,-0.30542,0.27669,-0.63554,-0.21518,0.02739,mel4P003.aif,2,A,descending,no_change
24,3,0,0,8,0,1,2,16,1,0,1,9,1,-0.73649,-0.30542,0.27669,-0.63554,-0.21518,0.02739,mel7P003.aif,1,A,ascending,no_change
26,4,1,2,13,1,0,0,24,0,0,0,13,0,0.40916,1.20017,-1.21317,0.85985,0.98984,-0.61182,mel5P004.aif,1,B,descending,change
27,4,1,2,13,1,0,0,24,0,0,0,13,0,0.40916,1.20017,-1.21317,0.85985,0.98984,-0.61182,mel2P004.aif,1,B,ascending,no_change
28,4,1,2,13,1,0,0,24,0,0,0,13,0,0.40916,1.20017,-1.21317,0.85985,0.98984,-0.61182,mel7P004.aif,2,B,descending,no_change
29,4,1,2,13,1,0,0,24,0,0,0,13,0,0.40916,1.20017,-1.21317,0.85985,0.98984,-0.61182,mel6P004.aif,1,B,descending,change
30,4,1,2,13,1,0,0,24,0,0,0,13,0,0.40916,1.20017,-1.21317,0.85985,0.98984,-0.61182,mel4P004.aif,1,B,ascending,no_change
31,4,1,2,13,1,0,0,24,0,0,0,13,0,0.40916,1.20017,-1.21317,0.85985,0.98984,-0.61182,mel8P004.aif,1,B,descending,change
32,4,1,2,13,1,0,0,24,0,0,0,13,0,0.40916,1.20017,-1.21317,0.85985,0.98984,-0.61182,mel3P004.aif,1,B,ascending,no_change
36,5,0,1,7,1,1,1,25,0,2,1,12,3,-0.16366,-0.60654,-0.46824,1.04677,0.68859,1.30582,mel4P005.aif,1,A,descending,change
41,6,0,0,10,0,2,2,23,0,0,0,6,0,-0.73649,0.29682,0.27669,0.67292,-1.11895,-0.61182,mel5P006.aif,2,B,descending,no_change
42,6,0,0,10,0,2,2,23,0,0,0,6,0,-0.73649,0.29682,0.27669,0.67292,-1.11895,-0.61182,mel6P006.aif,2,B,descending,no_change
44,6,0,0,10,0,2,2,23,0,0,0,6,0,-0.73649,0.29682,0.27669,0.67292,-1.11895,-0.61182,mel7P006.aif,2,B,descending,no_change
45,6,0,0,10,0,2,2,23,0,0,0,6,0,-0.73649,0.29682,0.27669,0.67292,-1.11895,-0.61182,mel8P006.aif,1,B,descending,change
46,6,0,0,10,0,2,2,23,0,0,0,6,0,-0.73649,0.29682,0.27669,0.67292,-1.11895,-0.61182,mel3P006.aif,1,B,ascending,no_change
47,6,0,0,10,0,2,2,23,0,0,0,6,0,-0.73649,0.29682,0.27669,0.67292,-1.11895,-0.61182,mel2P006.aif,1,B,ascending,no_change
49,7,1,1,12,0,1,2,19,1,0,1,6,1,-0.16366,0.89905,0.27669,-0.07477,-1.11895,0.02739,mel8P007.aif,1,A,ascending,no_change
50,7,1,1,12,0,1,2,19,1,0,1,6,1,-0.16366,0.89905,0.27669,-0.07477,-1.11895,0.02739,mel6P007.aif,2,A,ascending,change
51,7,1,1,12,0,1,2,19,1,0,1,6,1,-0.16366,0.89905,0.27669,-0.07477,-1.11895,0.02739,mel3P007.aif,1,A,descending,change
52,7,1,1,12,0,1,2,19,1,0,1,6,1,-0.16366,0.89905,0.27669,-0.07477,-1.11895,0.02739,mel5P007.aif,1,A,ascending,no_change
53,7,1,1,12,0,1,2,19,1,0,1,6,1,-0.16366,0.89905,0.27669,-0.07477,-1.11895,0.02739,mel1P007.aif,2,A,descending,no_change
54,7,1,1,12,0,1,2,19,1,0,1,6,1,-0.16366,0.89905,0.27669,-0.07477,-1.11895,0.02739,mel7P007.aif,1,A,ascending,no_change
55,7,1,1,12,0,1,2,19,1,0,1,6,1,-0.16366,0.89905,0.27669,-0.07477,-1.11895,0.02739,mel4P007.aif,1,A,descending,change
56,7,1,1,12,0,1,2,19,1,0,1,6,1,-0.16366,0.89905,0.27669,-0.07477,-1.11895,0.02739,mel2P007.aif,1,A,descending,change
57,8,2,2,7,0,2,2,17,0,1,0,13,1,0.40916,-0.60654,0.27669,-0.44862,0.98984,0.02739,mel6P008.aif,1,B,descending,change
58,8,2,2,7,0,2,2,17,0,1,0,13,1,0.40916,-0.60654,0.27669,-0.44862,0.98984,0.02739,mel8P008.aif,1,B,descending,change
60,8,2,2,7,0,2,2,17,0,1,0,13,1,0.40916,-0.60654,0.27669,-0.44862,0.98984,0.02739,mel4P008.aif,2,B,ascending,change
61,8,2,2,7,0,2,2,17,0,1,0,13,1,0.40916,-0.60654,0.27669,-0.44862,0.98984,0.02739,mel5P008.aif,1,B,descending,change
62,8,2,2,7,0,2,2,17,0,1,0,13,1,0.40916,-0.60654,0.27669,-0.44862,0.98984,0.02739,mel7P008.aif,1,B,descending,change
63,8,2,2,7,0,2,2,17,0,1,0,13,1,0.40916,-0.60654,0.27669,-0.44862,0.98984,0.02739,mel3P008.aif,1,B,ascending,no_change
65,9,2,2,6,0,1,2,25,1,0,0,7,0,0.40916,-0.90765,0.27669,1.04677,-0.8177,-0.61182,mel7P009.aif,1,B,descending,change
66,9,2,2,6,0,1,2,25,1,0,0,7,0,0.40916,-0.90765,0.27669,1.04677,-0.8177,-0.61182,mel3P009.aif,1,B,ascending,no_change
68,9,2,2,6,0,1,2,25,1,0,0,7,0,0.40916,-0.90765,0.27669,1.04677,-0.8177,-0.61182,mel5P009.aif,2,B,descending,no_change
69,9,2,2,6,0,1,2,25,1,0,0,7,0,0.40916,-0.90765,0.27669,1.04677,-0.8177,-0.61182,mel4P009.aif,1,B,ascending,no_change
70,9,2,2,6,0,1,2,25,1,0,0,7,0,0.40916,-0.90765,0.27669,1.04677,-0.8177,-0.61182,mel6P009.aif,2,B,descending,no_change
71,9,2,2,6,0,1,2,25,1,0,0,7,0,0.40916,-0.90765,0.27669,1.04677,-0.8177,-0.61182,mel2P009.aif,1,B,ascending,no_change
72,9,2,2,6,0,1,2,25,1,0,0,7,0,0.40916,-0.90765,0.27669,1.04677,-0.8177,-0.61182,mel8P009.aif,1,B,descending,change
73,10,0,0,10,0,2,3,23,1,0,1,10,1,-0.73649,0.29682,1.02162,0.67292,0.08607,0.02739,mel7P010.aif,2,A,ascending,change
74,10,0,0,10,0,2,3,23,1,0,1,10,1,-0.73649,0.29682,1.02162,0.67292,0.08607,0.02739,mel1P010.aif,1,A,descending,change
75,10,0,0,10,0,2,3,23,1,0,1,10,1,-0.73649,0.29682,1.02162,0.67292,0.08607,0.02739,mel6P010.aif,2,A,ascending,change
76,10,0,0,10,0,2,3,23,1,0,1,10,1,-0.73649,0.29682,1.02162,0.67292,0.08607,0.02739,mel8P010.aif,2,A,ascending,change
77,10,0,0,10,0,2,3,23,1,0,1,10,1,-0.73649,0.29682,1.02162,0.67292,0.08607,0.02739,mel5P010.aif,1,A,ascending,no_change
78,10,0,0,10,0,2,3,23,1,0,1,10,1,-0.73649,0.29682,1.02162,0.67292,0.08607,0.02739,mel4P010.aif,1,A,descending,change
79,10,0,0,10,0,2,3,23,1,0,1,10,1,-0.73649,0.29682,1.02162,0.67292,0.08607,0.02739,mel3P010.aif,2,A,descending,no_change
80,10,0,0,10,0,2,3,23,1,0,1,10,1,-0.73649,0.29682,1.02162,0.67292,0.08607,0.02739,mel2P010.aif,2,A,descending,no_change
81,11,0,0,12,0,5,6,18,1,1,0,14,1,-0.73649,0.89905,3.2564,-0.26169,1.2911,0.02739,mel6P011.aif,2,A,ascending,change
82,11,0,0,12,0,5,6,18,1,1,0,14,1,-0.73649,0.89905,3.2564,-0.26169,1.2911,0.02739,mel4P011.aif,2,A,descending,no_change
83,11,0,0,12,0,5,6,18,1,1,0,14,1,-0.73649,0.89905,3.2564,-0.26169,1.2911,0.02739,mel1P011.aif,2,A,descending,no_change
84,11,0,0,12,0,5,6,18,1,1,0,14,1,-0.73649,0.89905,3.2564,-0.26169,1.2911,0.02739,mel3P011.aif,2,A,descending,no_change
85,11,0,0,12,0,5,6,18,1,1,0,14,1,-0.73649,0.89905,3.2564,-0.26169,1.2911,0.02739,mel5P011.aif,1,A,ascending,no_change
86,11,0,0,12,0,5,6,18,1,1,0,14,1,-0.73649,0.89905,3.2564,-0.26169,1.2911,0.02739,mel8P011.aif,2,A,ascending,change
87,11,0,0,12,0,5,6,18,1,1,0,14,1,-0.73649,0.89905,3.2564,-0.26169,1.2911,0.02739,mel7P011.aif,1,A,ascending,no_change
88,11,0,0,12,0,5,6,18,1,1,0,14,1,-0.73649,0.89905,3.2564,-0.26169,1.2911,0.02739,mel2P011.aif,2,A,descending,no_change
89,12,1,2,14,1,1,1,25,0,1,0,13,1,0.40916,1.50129,-0.46824,1.04677,0.98984,0.02739,mel6P012.aif,2,B,descending,no_change
91,12,1,2,14,1,1,1,25,0,1,0,13,1,0.40916,1.50129,-0.46824,1.04677,0.98984,0.02739,mel5P012.aif,2,B,descending,no_change
92,12,1,2,14,1,1,1,25,0,1,0,13,1,0.40916,1.50129,-0.46824,1.04677,0.98984,0.02739,mel8P012.aif,2,B,descending,no_change
93,12,1,2,14,1,1,1,25,0,1,0,13,1,0.40916,1.50129,-0.46824,1.04677,0.98984,0.02739,mel3P012.aif,1,B,ascending,no_change
94,12,1,2,14,1,1,1,25,0,1,0,13,1,0.40916,1.50129,-0.46824,1.04677,0.98984,0.02739,mel7P012.aif,1,B,descending,change
95,12,1,2,14,1,1,1,25,0,1,0,13,1,0.40916,1.50129,-0.46824,1.04677,0.98984,0.02739,mel4P012.aif,1,B,ascending,no_change
96,12,1,2,14,1,1,1,25,0,1,0,13,1,0.40916,1.50129,-0.46824,1.04677,0.98984,0.02739,mel2P012.aif,1,B,ascending,no_change
98,13,1,2,10,1,0,0,18,0,0,0,11,0,0.40916,0.29682,-1.21317,-0.26169,0.38733,-0.61182,mel6P013.aif,2,B,descending,no_change
99,13,1,2,10,1,0,0,18,0,0,0,11,0,0.40916,0.29682,-1.21317,-0.26169,0.38733,-0.61182,mel8P013.aif,2,B,descending,no_change
100,13,1,2,10,1,0,0,18,0,0,0,11,0,0.40916,0.29682,-1.21317,-0.26169,0.38733,-0.61182,mel2P013.aif,2,B,ascending,change
102,13,1,2,10,1,0,0,18,0,0,0,11,0,0.40916,0.29682,-1.21317,-0.26169,0.38733,-0.61182,mel4P013.aif,2,B,ascending,change
103,13,1,2,10,1,0,0,18,0,0,0,11,0,0.40916,0.29682,-1.21317,-0.26169,0.38733,-0.61182,mel5P013.aif,2,B,descending,no_change
105,15,0,0,14,0,2,3,21,1,0,0,14,0,-0.73649,1.50129,1.02162,0.29908,1.2911,-0.61182,mel8P015.aif,1,A,ascending,no_change
106,15,0,0,14,0,2,3,21,1,0,0,14,0,-0.73649,1.50129,1.02162,0.29908,1.2911,-0.61182,mel6P015.aif,1,A,ascending,no_change
107,15,0,0,14,0,2,3,21,1,0,0,14,0,-0.73649,1.50129,1.02162,0.29908,1.2911,-0.61182,mel1P015.aif,2,A,descending,no_change
108,15,0,0,14,0,2,3,21,1,0,0,14,0,-0.73649,1.50129,1.02162,0.29908,1.2911,-0.61182,mel7P015.aif,2,A,ascending,change
109,15,0,0,14,0,2,3,21,1,0,0,14,0,-0.73649,1.50129,1.02162,0.29908,1.2911,-0.61182,mel2P015.aif,2,A,descending,no_change
110,15,0,0,14,0,2,3,21,1,0,0,14,0,-0.73649,1.50129,1.02162,0.29908,1.2911,-0.61182,mel4P015.aif,2,A,descending,no_change
111,15,0,0,14,0,2,3,21,1,0,0,14,0,-0.73649,1.50129,1.02162,0.29908,1.2911,-0.61182,mel5P015.aif,1,A,ascending,no_change
112,15,0,0,14,0,2,3,21,1,0,0,14,0,-0.73649,1.50129,1.02162,0.29908,1.2911,-0.61182,mel3P015.aif,2,A,descending,no_change
113,16,0,0,10,0,1,1,23,0,0,0,13,0,-0.73649,0.29682,-0.46824,0.67292,0.98984,-0.61182,mel7P016.aif,1,B,descending,change
114,16,0,0,10,0,1,1,23,0,0,0,13,0,-0.73649,0.29682,-0.46824,0.67292,0.98984,-0.61182,mel8P016.aif,2,B,descending,no_change
115,16,0,0,10,0,1,1,23,0,0,0,13,0,-0.73649,0.29682,-0.46824,0.67292,0.98984,-0.61182,mel6P016.aif,2,B,descending,no_change
116,16,0,0,10,0,1,1,23,0,0,0,13,0,-0.73649,0.29682,-0.46824,0.67292,0.98984,-0.61182,mel4P016.aif,1,B,ascending,no_change
118,16,0,0,10,0,1,1,23,0,0,0,13,0,-0.73649,0.29682,-0.46824,0.67292,0.98984,-0.61182,mel5P016.aif,1,B,descending,change
119,16,0,0,10,0,1,1,23,0,0,0,13,0,-0.73649,0.29682,-0.46824,0.67292,0.98984,-0.61182,mel3P016.aif,1,B,ascending,no_change
120,16,0,0,10,0,1,1,23,0,0,0,13,0,-0.73649,0.29682,-0.46824,0.67292,0.98984,-0.61182,mel2P016.aif,2,B,ascending,change
121,17,0,0,12,0,1,1,25,0,0,1,12,1,-0.73649,0.89905,-0.46824,1.04677,0.68859,0.02739,mel8P017.aif,2,A,ascending,change
122,17,0,0,12,0,1,1,25,0,0,1,12,1,-0.73649,0.89905,-0.46824,1.04677,0.68859,0.02739,mel6P017.aif,2,A,ascending,change
123,17,0,0,12,0,1,1,25,0,0,1,12,1,-0.73649,0.89905,-0.46824,1.04677,0.68859,0.02739,mel1P017.aif,2,A,descending,no_change
124,17,0,0,12,0,1,1,25,0,0,1,12,1,-0.73649,0.89905,-0.46824,1.04677,0.68859,0.02739,mel5P017.aif,2,A,ascending,change
125,17,0,0,12,0,1,1,25,0,0,1,12,1,-0.73649,0.89905,-0.46824,1.04677,0.68859,0.02739,mel2P017.aif,2,A,descending,no_change
126,17,0,0,12,0,1,1,25,0,0,1,12,1,-0.73649,0.89905,-0.46824,1.04677,0.68859,0.02739,mel3P017.aif,2,A,descending,no_change
127,17,0,0,12,0,1,1,25,0,0,1,12,1,-0.73649,0.89905,-0.46824,1.04677,0.68859,0.02739,mel7P017.aif,1,A,ascending,no_change
128,17,0,0,12,0,1,1,25,0,0,1,12,1,-0.73649,0.89905,-0.46824,1.04677,0.68859,0.02739,mel4P017.aif,2,A,descending,no_change
129,18,0,0,11,0,2,4,23,2,0,2,10,2,-0.73649,0.59793,1.76654,0.67292,0.08607,0.66661,mel3P018.aif,1,B,ascending,no_change
130,18,0,0,11,0,2,4,23,2,0,2,10,2,-0.73649,0.59793,1.76654,0.67292,0.08607,0.66661,mel5P018.aif,2,B,descending,no_change
131,18,0,0,11,0,2,4,23,2,0,2,10,2,-0.73649,0.59793,1.76654,0.67292,0.08607,0.66661,mel4P018.aif,2,B,ascending,change
132,18,0,0,11,0,2,4,23,2,0,2,10,2,-0.73649,0.59793,1.76654,0.67292,0.08607,0.66661,mel6P018.aif,2,B,descending,no_change
134,18,0,0,11,0,2,4,23,2,0,2,10,2,-0.73649,0.59793,1.76654,0.67292,0.08607,0.66661,mel7P018.aif,1,B,descending,change
135,18,0,0,11,0,2,4,23,2,0,2,10,2,-0.73649,0.59793,1.76654,0.67292,0.08607,0.66661,mel8P018.aif,1,B,descending,change
136,18,0,0,11,0,2,4,23,2,0,2,10,2,-0.73649,0.59793,1.76654,0.67292,0.08607,0.66661,mel2P018.aif,2,B,ascending,change
137,19,1,1,2,0,1,1,24,0,0,1,10,1,-0.16366,-2.11213,-0.46824,0.85985,0.08607,0.02739,mel5P019.aif,2,A,ascending,change
138,19,1,1,2,0,1,1,24,0,0,1,10,1,-0.16366,-2.11213,-0.46824,0.85985,0.08607,0.02739,mel8P019.aif,1,A,ascending,no_change
139,19,1,1,2,0,1,1,24,0,0,1,10,1,-0.16366,-2.11213,-0.46824,0.85985,0.08607,0.02739,mel6P019.aif,2,A,ascending,change
140,19,1,1,2,0,1,1,24,0,0,1,10,1,-0.16366,-2.11213,-0.46824,0.85985,0.08607,0.02739,mel1P019.aif,2,A,descending,no_change
141,19,1,1,2,0,1,1,24,0,0,1,10,1,-0.16366,-2.11213,-0.46824,0.85985,0.08607,0.02739,mel2P019.aif,2,A,descending,no_change
142,19,1,1,2,0,1,1,24,0,0,1,10,1,-0.16366,-2.11213,-0.46824,0.85985,0.08607,0.02739,mel3P019.aif,2,A,descending,no_change
143,19,1,1,2,0,1,1,24,0,0,1,10,1,-0.16366,-2.11213,-0.46824,0.85985,0.08607,0.02739,mel7P019.aif,1,A,ascending,no_change
144,19,1,1,2,0,1,1,24,0,0,1,10,1,-0.16366,-2.11213,-0.46824,0.85985,0.08607,0.02739,mel4P019.aif,1,A,descending,change
145,20,0,0,6,0,1,1,25,0,1,2,9,3,-0.73649,-0.90765,-0.46824,1.04677,-0.21518,1.30582,mel6P020.aif,2,B,descending,no_change
147,20,0,0,6,0,1,1,25,0,1,2,9,3,-0.73649,-0.90765,-0.46824,1.04677,-0.21518,1.30582,mel7P020.aif,2,B,descending,no_change
148,20,0,0,6,0,1,1,25,0,1,2,9,3,-0.73649,-0.90765,-0.46824,1.04677,-0.21518,1.30582,mel5P020.aif,2,B,descending,no_change
149,20,0,0,6,0,1,1,25,0,1,2,9,3,-0.73649,-0.90765,-0.46824,1.04677,-0.21518,1.30582,mel3P020.aif,1,B,ascending,no_change
150,20,0,0,6,0,1,1,25,0,1,2,9,3,-0.73649,-0.90765,-0.46824,1.04677,-0.21518,1.30582,mel4P020.aif,1,B,ascending,no_change
151,20,0,0,6,0,1,1,25,0,1,2,9,3,-0.73649,-0.90765,-0.46824,1.04677,-0.21518,1.30582,mel2P020.aif,1,B,ascending,no_change
152,20,0,0,6,0,1,1,25,0,1,2,9,3,-0.73649,-0.90765,-0.46824,1.04677,-0.21518,1.30582,mel8P020.aif,2,B,descending,no_change
153,21,1,2,12,1,0,0,23,0,0,0,9,0,0.40916,0.89905,-1.21317,0.67292,-0.21518,-0.61182,mel5P021.aif,2,A,ascending,change
154,21,1,2,12,1,0,0,23,0,0,0,9,0,0.40916,0.89905,-1.21317,0.67292,-0.21518,-0.61182,mel7P021.aif,2,A,ascending,change
155,21,1,2,12,1,0,0,23,0,0,0,9,0,0.40916,0.89905,-1.21317,0.67292,-0.21518,-0.61182,mel1P021.aif,2,A,descending,no_change
156,21,1,2,12,1,0,0,23,0,0,0,9,0,0.40916,0.89905,-1.21317,0.67292,-0.21518,-0.61182,mel4P021.aif,2,A,descending,no_change
157,21,1,2,12,1,0,0,23,0,0,0,9,0,0.40916,0.89905,-1.21317,0.67292,-0.21518,-0.61182,mel6P021.aif,1,A,ascending,no_change
158,21,1,2,12,1,0,0,23,0,0,0,9,0,0.40916,0.89905,-1.21317,0.67292,-0.21518,-0.61182,mel8P021.aif,2,A,ascending,change
159,21,1,2,12,1,0,0,23,0,0,0,9,0,0.40916,0.89905,-1.21317,0.67292,-0.21518,-0.61182,mel2P021.aif,2,A,descending,no_change
160,21,1,2,12,1,0,0,23,0,0,0,9,0,0.40916,0.89905,-1.21317,0.67292,-0.21518,-0.61182,mel3P021.aif,2,A,descending,no_change
161,22,0,2,10,2,2,2,20,0,0,0,13,0,0.40916,0.29682,0.27669,0.11215,0.98984,-0.61182,mel6P022.aif,1,B,descending,change
163,22,0,2,10,2,2,2,20,0,0,0,13,0,0.40916,0.29682,0.27669,0.11215,0.98984,-0.61182,mel5P022.aif,1,B,descending,change
164,22,0,2,10,2,2,2,20,0,0,0,13,0,0.40916,0.29682,0.27669,0.11215,0.98984,-0.61182,mel7P022.aif,2,B,descending,no_change
165,22,0,2,10,2,2,2,20,0,0,0,13,0,0.40916,0.29682,0.27669,0.11215,0.98984,-0.61182,mel2P022.aif,2,B,ascending,change
166,22,0,2,10,2,2,2,20,0,0,0,13,0,0.40916,0.29682,0.27669,0.11215,0.98984,-0.61182,mel8P022.aif,2,B,descending,no_change
167,22,0,2,10,2,2,2,20,0,0,0,13,0,0.40916,0.29682,0.27669,0.11215,0.98984,-0.61182,mel3P022.aif,1,B,ascending,no_change
168,22,0,2,10,2,2,2,20,0,0,0,13,0,0.40916,0.29682,0.27669,0.11215,0.98984,-0.61182,mel4P022.aif,1,B,ascending,no_change
169,23,2,2,3,0,1,1,20,0,0,0,6,0,0.40916,-1.81101,-0.46824,0.11215,-1.11895,-0.61182,mel4P023.aif,2,A,descending,no_change
170,23,2,2,3,0,1,1,20,0,0,0,6,0,0.40916,-1.81101,-0.46824,0.11215,-1.11895,-0.61182,mel8P023.aif,1,A,ascending,no_change
171,23,2,2,3,0,1,1,20,0,0,0,6,0,0.40916,-1.81101,-0.46824,0.11215,-1.11895,-0.61182,mel1P023.aif,2,A,descending,no_change
172,23,2,2,3,0,1,1,20,0,0,0,6,0,0.40916,-1.81101,-0.46824,0.11215,-1.11895,-0.61182,mel3P023.aif,2,A,descending,no_change
173,23,2,2,3,0,1,1,20,0,0,0,6,0,0.40916,-1.81101,-0.46824,0.11215,-1.11895,-0.61182,mel7P023.aif,2,A,ascending,change
174,23,2,2,3,0,1,1,20,0,0,0,6,0,0.40916,-1.81101,-0.46824,0.11215,-1.11895,-0.61182,mel2P023.aif,2,A,descending,no_change
175,23,2,2,3,0,1,1,20,0,0,0,6,0,0.40916,-1.81101,-0.46824,0.11215,-1.11895,-0.61182,mel6P023.aif,1,A,ascending,no_change
176,23,2,2,3,0,1,1,20,0,0,0,6,0,0.40916,-1.81101,-0.46824,0.11215,-1.11895,-0.61182,mel5P023.aif,2,A,ascending,change
177,24,4,4,10,0,0,1,23,1,0,0,11,0,1.5548,0.29682,-0.46824,0.67292,0.38733,-0.61182,mel7P024.aif,1,B,descending,change
178,24,4,4,10,0,0,1,23,1,0,0,11,0,1.5548,0.29682,-0.46824,0.67292,0.38733,-0.61182,mel4P024.aif,1,B,ascending,no_change
179,24,4,4,10,0,0,1,23,1,0,0,11,0,1.5548,0.29682,-0.46824,0.67292,0.38733,-0.61182,mel2P024.aif,1,B,ascending,no_change
181,24,4,4,10,0,0,1,23,1,0,0,11,0,1.5548,0.29682,-0.46824,0.67292,0.38733,-0.61182,mel3P024.aif,1,B,ascending,no_change
182,24,4,4,10,0,0,1,23,1,0,0,11,0,1.5548,0.29682,-0.46824,0.67292,0.38733,-0.61182,mel8P024.aif,2,B,descending,no_change
183,24,4,4,10,0,0,1,23,1,0,0,11,0,1.5548,0.29682,-0.46824,0.67292,0.38733,-0.61182,mel6P024.aif,2,B,descending,no_change
184,24,4,4,10,0,0,1,23,1,0,0,11,0,1.5548,0.29682,-0.46824,0.67292,0.38733,-0.61182,mel5P024.aif,2,B,descending,no_change
185,25,0,0,3,0,2,2,19,0,1,1,6,2,-0.73649,-1.81101,0.27669,-0.07477,-1.11895,0.66661,mel8P025.aif,1,A,ascending,no_change
186,25,0,0,3,0,2,2,19,0,1,1,6,2,-0.73649,-1.81101,0.27669,-0.07477,-1.11895,0.66661,mel4P025.aif,2,A,descending,no_change
187,25,0,0,3,0,2,2,19,0,1,1,6,2,-0.73649,-1.81101,0.27669,-0.07477,-1.11895,0.66661,mel6P025.aif,2,A,ascending,change
188,25,0,0,3,0,2,2,19,0,1,1,6,2,-0.73649,-1.81101,0.27669,-0.07477,-1.11895,0.66661,mel5P025.aif,1,A,ascending,no_change
189,25,0,0,3,0,2,2,19,0,1,1,6,2,-0.73649,-1.81101,0.27669,-0.07477,-1.11895,0.66661,mel7P025.aif,2,A,ascending,change
190,25,0,0,3,0,2,2,19,0,1,1,6,2,-0.73649,-1.81101,0.27669,-0.07477,-1.11895,0.66661,mel3P025.aif,2,A,descending,no_change
191,25,0,0,3,0,2,2,19,0,1,1,6,2,-0.73649,-1.81101,0.27669,-0.07477,-1.11895,0.66661,mel1P025.aif,2,A,descending,no_change
192,25,0,0,3,0,2,2,19,0,1,1,6,2,-0.73649,-1.81101,0.27669,-0.07477,-1.11895,0.66661,mel2P025.aif,2,A,descending,no_change
193,26,1,2,5,1,2,2,12,0,0,0,8,0,0.40916,-1.20877,0.27669,-1.38323,-0.51644,-0.61182,mel6P026.aif,2,B,descending,no_change
194,26,1,2,5,1,2,2,12,0,0,0,8,0,0.40916,-1.20877,0.27669,-1.38323,-0.51644,-0.61182,mel7P026.aif,2,B,descending,no_change
195,26,1,2,5,1,2,2,12,0,0,0,8,0,0.40916,-1.20877,0.27669,-1.38323,-0.51644,-0.61182,mel8P026.aif,2,B,descending,no_change
196,26,1,2,5,1,2,2,12,0,0,0,8,0,0.40916,-1.20877,0.27669,-1.38323,-0.51644,-0.61182,mel3P026.aif,2,B,ascending,change
197,26,1,2,5,1,2,2,12,0,0,0,8,0,0.40916,-1.20877,0.27669,-1.38323,-0.51644,-0.61182,mel2P026.aif,2,B,ascending,change
198,26,1,2,5,1,2,2,12,0,0,0,8,0,0.40916,-1.20877,0.27669,-1.38323,-0.51644,-0.61182,mel4P026.aif,1,B,ascending,no_change
200,26,1,2,5,1,2,2,12,0,0,0,8,0,0.40916,-1.20877,0.27669,-1.38323,-0.51644,-0.61182,mel5P026.aif,2,B,descending,no_change
201,27,2,3,9,1,0,1,24,1,1,0,14,1,0.98198,-0.0043,-0.46824,0.85985,1.2911,0.02739,mel6P027.aif,2,A,ascending,change
202,27,2,3,9,1,0,1,24,1,1,0,14,1,0.98198,-0.0043,-0.46824,0.85985,1.2911,0.02739,mel2P027.aif,2,A,descending,no_change
203,27,2,3,9,1,0,1,24,1,1,0,14,1,0.98198,-0.0043,-0.46824,0.85985,1.2911,0.02739,mel7P027.aif,1,A,ascending,no_change
204,27,2,3,9,1,0,1,24,1,1,0,14,1,0.98198,-0.0043,-0.46824,0.85985,1.2911,0.02739,mel3P027.aif,2,A,descending,no_change
205,27,2,3,9,1,0,1,24,1,1,0,14,1,0.98198,-0.0043,-0.46824,0.85985,1.2911,0.02739,mel8P027.aif,1,A,ascending,no_change
206,27,2,3,9,1,0,1,24,1,1,0,14,1,0.98198,-0.0043,-0.46824,0.85985,1.2911,0.02739,mel1P027.aif,1,A,descending,change
207,27,2,3,9,1,0,1,24,1,1,0,14,1,0.98198,-0.0043,-0.46824,0.85985,1.2911,0.02739,mel5P027.aif,1,A,ascending,no_change
208,27,2,3,9,1,0,1,24,1,1,0,14,1,0.98198,-0.0043,-0.46824,0.85985,1.2911,0.02739,mel4P027.aif,1,A,descending,change
210,28,1,1,9,0,0,0,25,0,0,0,5,0,-0.16366,-0.0043,-1.21317,1.04677,-1.42021,-0.61182,mel8P028.aif,2,B,descending,no_change
211,28,1,1,9,0,0,0,25,0,0,0,5,0,-0.16366,-0.0043,-1.21317,1.04677,-1.42021,-0.61182,mel6P028.aif,1,B,descending,change
212,28,1,1,9,0,0,0,25,0,0,0,5,0,-0.16366,-0.0043,-1.21317,1.04677,-1.42021,-0.61182,mel7P028.aif,2,B,descending,no_change
213,28,1,1,9,0,0,0,25,0,0,0,5,0,-0.16366,-0.0043,-1.21317,1.04677,-1.42021,-0.61182,mel2P028.aif,1,B,ascending,no_change
214,28,1,1,9,0,0,0,25,0,0,0,5,0,-0.16366,-0.0043,-1.21317,1.04677,-1.42021,-0.61182,mel3P028.aif,1,B,ascending,no_change
215,28,1,1,9,0,0,0,25,0,0,0,5,0,-0.16366,-0.0043,-1.21317,1.04677,-1.42021,-0.61182,mel4P028.aif,1,B,ascending,no_change
216,28,1,1,9,0,0,0,25,0,0,0,5,0,-0.16366,-0.0043,-1.21317,1.04677,-1.42021,-0.61182,mel5P028.aif,2,B,descending,no_change
217,29,2,2,10,0,3,3,20,0,0,0,11,0,0.40916,0.29682,1.02162,0.11215,0.38733,-0.61182,mel6P029.aif,1,A,ascending,no_change
218,29,2,2,10,0,3,3,20,0,0,0,11,0,0.40916,0.29682,1.02162,0.11215,0.38733,-0.61182,mel2P029.aif,2,A,descending,no_change
219,29,2,2,10,0,3,3,20,0,0,0,11,0,0.40916,0.29682,1.02162,0.11215,0.38733,-0.61182,mel8P029.aif,2,A,ascending,change
220,29,2,2,10,0,3,3,20,0,0,0,11,0,0.40916,0.29682,1.02162,0.11215,0.38733,-0.61182,mel4P029.aif,2,A,descending,no_change
222,29,2,2,10,0,3,3,20,0,0,0,11,0,0.40916,0.29682,1.02162,0.11215,0.38733,-0.61182,mel7P029.aif,2,A,ascending,change
223,29,2,2,10,0,3,3,20,0,0,0,11,0,0.40916,0.29682,1.02162,0.11215,0.38733,-0.61182,mel5P029.aif,1,A,ascending,no_change
224,29,2,2,10,0,3,3,20,0,0,0,11,0,0.40916,0.29682,1.02162,0.11215,0.38733,-0.61182,mel3P029.aif,2,A,descending,no_change
225,30,4,4,5,0,1,1,25,0,0,10,4,10,1.5548,-1.20877,-0.46824,1.04677,-1.72146,5.78032,mel3P030.aif,1,B,ascending,no_change
226,30,4,4,5,0,1,1,25,0,0,10,4,10,1.5548,-1.20877,-0.46824,1.04677,-1.72146,5.78032,mel7P030.aif,1,B,descending,change
227,30,4,4,5,0,1,1,25,0,0,10,4,10,1.5548,-1.20877,-0.46824,1.04677,-1.72146,5.78032,mel6P030.aif,1,B,descending,change
228,30,4,4,5,0,1,1,25,0,0,10,4,10,1.5548,-1.20877,-0.46824,1.04677,-1.72146,5.78032,mel4P030.aif,2,B,ascending,change
229,30,4,4,5,0,1,1,25,0,0,10,4,10,1.5548,-1.20877,-0.46824,1.04677,-1.72146,5.78032,mel5P030.aif,1,B,descending,change
230,30,4,4,5,0,1,1,25,0,0,10,4,10,1.5548,-1.20877,-0.46824,1.04677,-1.72146,5.78032,mel2P030.aif,2,B,ascending,change
231,30,4,4,5,0,1,1,25,0,0,10,4,10,1.5548,-1.20877,-0.46824,1.04677,-1.72146,5.78032,mel8P030.aif,2,B,descending,no_change
233,31,2,2,4,0,1,1,4,0,0,0,5,0,0.40916,-1.50989,-0.46824,-2.87862,-1.42021,-0.61182,mel7P031.aif,1,A,ascending,no_change
234,31,2,2,4,0,1,1,4,0,0,0,5,0,0.40916,-1.50989,-0.46824,-2.87862,-1.42021,-0.61182,mel6P031.aif,2,A,ascending,change
235,31,2,2,4,0,1,1,4,0,0,0,5,0,0.40916,-1.50989,-0.46824,-2.87862,-1.42021,-0.61182,mel8P031.aif,2,A,ascending,change
236,31,2,2,4,0,1,1,4,0,0,0,5,0,0.40916,-1.50989,-0.46824,-2.87862,-1.42021,-0.61182,mel2P031.aif,2,A,descending,no_change
237,31,2,2,4,0,1,1,4,0,0,0,5,0,0.40916,-1.50989,-0.46824,-2.87862,-1.42021,-0.61182,mel1P031.aif,1,A,descending,change
238,31,2,2,4,0,1,1,4,0,0,0,5,0,0.40916,-1.50989,-0.46824,-2.87862,-1.42021,-0.61182,mel4P031.aif,2,A,descending,no_change
239,31,2,2,4,0,1,1,4,0,0,0,5,0,0.40916,-1.50989,-0.46824,-2.87862,-1.42021,-0.61182,mel5P031.aif,2,A,ascending,change
240,31,2,2,4,0,1,1,4,0,0,0,5,0,0.40916,-1.50989,-0.46824,-2.87862,-1.42021,-0.61182,mel3P031.aif,2,A,descending,no_change
241,32,0,0,13,0,3,3,23,0,1,0,14,1,-0.73649,1.20017,1.02162,0.67292,1.2911,0.02739,mel8P032.aif,1,B,descending,change
242,32,0,0,13,0,3,3,23,0,1,0,14,1,-0.73649,1.20017,1.02162,0.67292,1.2911,0.02739,mel4P032.aif,2,B,ascending,change
244,32,0,0,13,0,3,3,23,0,1,0,14,1,-0.73649,1.20017,1.02162,0.67292,1.2911,0.02739,mel3P032.aif,1,B,ascending,no_change
245,32,0,0,13,0,3,3,23,0,1,0,14,1,-0.73649,1.20017,1.02162,0.67292,1.2911,0.02739,mel6P032.aif,2,B,descending,no_change
246,32,0,0,13,0,3,3,23,0,1,0,14,1,-0.73649,1.20017,1.02162,0.67292,1.2911,0.02739,mel7P032.aif,2,B,descending,no_change
247,32,0,0,13,0,3,3,23,0,1,0,14,1,-0.73649,1.20017,1.02162,0.67292,1.2911,0.02739,mel2P032.aif,1,B,ascending,no_change
248,32,0,0,13,0,3,3,23,0,1,0,14,1,-0.73649,1.20017,1.02162,0.67292,1.2911,0.02739,mel5P032.aif,2,B,descending,no_change
249,33,1,1,13,0,0,0,20,0,0,0,14,0,-0.16366,1.20017,-1.21317,0.11215,1.2911,-0.61182,mel4P033.aif,1,A,descending,change
250,33,1,1,13,0,0,0,20,0,0,0,14,0,-0.16366,1.20017,-1.21317,0.11215,1.2911,-0.61182,mel7P033.aif,1,A,ascending,no_change
251,33,1,1,13,0,0,0,20,0,0,0,14,0,-0.16366,1.20017,-1.21317,0.11215,1.2911,-0.61182,mel8P033.aif,1,A,ascending,no_change
252,33,1,1,13,0,0,0,20,0,0,0,14,0,-0.16366,1.20017,-1.21317,0.11215,1.2911,-0.61182,mel5P033.aif,1,A,ascending,no_change
253,33,1,1,13,0,0,0,20,0,0,0,14,0,-0.16366,1.20017,-1.21317,0.11215,1.2911,-0.61182,mel2P033.aif,2,A,descending,no_change
254,33,1,1,13,0,0,0,20,0,0,0,14,0,-0.16366,1.20017,-1.21317,0.11215,1.2911,-0.61182,mel6P033.aif,1,A,ascending,no_change
255,33,1,1,13,0,0,0,20,0,0,0,14,0,-0.16366,1.20017,-1.21317,0.11215,1.2911,-0.61182,mel1P033.aif,2,A,descending,no_change
256,33,1,1,13,0,0,0,20,0,0,0,14,0,-0.16366,1.20017,-1.21317,0.11215,1.2911,-0.61182,mel3P033.aif,1,A,descending,change
257,34,0,0,11,0,0,0,16,0,0,0,7,0,-0.73649,0.59793,-1.21317,-0.63554,-0.8177,-0.61182,mel7P034.aif,2,B,descending,no_change
259,34,0,0,11,0,0,0,16,0,0,0,7,0,-0.73649,0.59793,-1.21317,-0.63554,-0.8177,-0.61182,mel8P034.aif,2,B,descending,no_change
260,34,0,0,11,0,0,0,16,0,0,0,7,0,-0.73649,0.59793,-1.21317,-0.63554,-0.8177,-0.61182,mel2P034.aif,2,B,ascending,change
261,34,0,0,11,0,0,0,16,0,0,0,7,0,-0.73649,0.59793,-1.21317,-0.63554,-0.8177,-0.61182,mel6P034.aif,2,B,descending,no_change
262,34,0,0,11,0,0,0,16,0,0,0,7,0,-0.73649,0.59793,-1.21317,-0.63554,-0.8177,-0.61182,mel4P034.aif,1,B,ascending,no_change
263,34,0,0,11,0,0,0,16,0,0,0,7,0,-0.73649,0.59793,-1.21317,-0.63554,-0.8177,-0.61182,mel5P034.aif,1,B,descending,change
264,34,0,0,11,0,0,0,16,0,0,0,7,0,-0.73649,0.59793,-1.21317,-0.63554,-0.8177,-0.61182,mel3P034.aif,2,B,ascending,change
265,35,1,1,14,0,1,1,24,0,0,0,14,0,-0.16366,1.50129,-0.46824,0.85985,1.2911,-0.61182,mel7P035.aif,1,A,ascending,no_change
266,35,1,1,14,0,1,1,24,0,0,0,14,0,-0.16366,1.50129,-0.46824,0.85985,1.2911,-0.61182,mel8P035.aif,1,A,ascending,no_change
267,35,1,1,14,0,1,1,24,0,0,0,14,0,-0.16366,1.50129,-0.46824,0.85985,1.2911,-0.61182,mel3P035.aif,2,A,descending,no_change
268,35,1,1,14,0,1,1,24,0,0,0,14,0,-0.16366,1.50129,-0.46824,0.85985,1.2911,-0.61182,mel4P035.aif,2,A,descending,no_change
269,35,1,1,14,0,1,1,24,0,0,0,14,0,-0.16366,1.50129,-0.46824,0.85985,1.2911,-0.61182,mel6P035.aif,1,A,ascending,no_change
270,35,1,1,14,0,1,1,24,0,0,0,14,0,-0.16366,1.50129,-0.46824,0.85985,1.2911,-0.61182,mel2P035.aif,2,A,descending,no_change
271,35,1,1,14,0,1,1,24,0,0,0,14,0,-0.16366,1.50129,-0.46824,0.85985,1.2911,-0.61182,mel1P035.aif,2,A,descending,no_change
272,35,1,1,14,0,1,1,24,0,0,0,14,0,-0.16366,1.50129,-0.46824,0.85985,1.2911,-0.61182,mel5P035.aif,2,A,ascending,change
273,36,0,0,10,0,0,0,24,0,1,0,10,1,-0.73649,0.29682,-1.21317,0.85985,0.08607,0.02739,mel4P036.aif,1,B,ascending,no_change
274,36,0,0,10,0,0,0,24,0,1,0,10,1,-0.73649,0.29682,-1.21317,0.85985,0.08607,0.02739,mel8P036.aif,1,B,descending,change
275,36,0,0,10,0,0,0,24,0,1,0,10,1,-0.73649,0.29682,-1.21317,0.85985,0.08607,0.02739,mel2P036.aif,2,B,ascending,change
276,36,0,0,10,0,0,0,24,0,1,0,10,1,-0.73649,0.29682,-1.21317,0.85985,0.08607,0.02739,mel6P036.aif,2,B,descending,no_change
277,36,0,0,10,0,0,0,24,0,1,0,10,1,-0.73649,0.29682,-1.21317,0.85985,0.08607,0.02739,mel3P036.aif,1,B,ascending,no_change
278,36,0,0,10,0,0,0,24,0,1,0,10,1,-0.73649,0.29682,-1.21317,0.85985,0.08607,0.02739,mel7P036.aif,2,B,descending,no_change
280,36,0,0,10,0,0,0,24,0,1,0,10,1,-0.73649,0.29682,-1.21317,0.85985,0.08607,0.02739,mel5P036.aif,2,B,descending,no_change
281,37,0,0,11,0,1,1,24,0,1,0,11,1,-0.73649,0.59793,-0.46824,0.85985,0.38733,0.02739,mel4P037.aif,1,A,descending,change
282,37,0,0,11,0,1,1,24,0,1,0,11,1,-0.73649,0.59793,-0.46824,0.85985,0.38733,0.02739,mel3P037.aif,2,A,descending,no_change
283,37,0,0,11,0,1,1,24,0,1,0,11,1,-0.73649,0.59793,-0.46824,0.85985,0.38733,0.02739,mel1P037.aif,2,A,descending,no_change
284,37,0,0,11,0,1,1,24,0,1,0,11,1,-0.73649,0.59793,-0.46824,0.85985,0.38733,0.02739,mel7P037.aif,1,A,ascending,no_change
285,37,0,0,11,0,1,1,24,0,1,0,11,1,-0.73649,0.59793,-0.46824,0.85985,0.38733,0.02739,mel8P037.aif,1,A,ascending,no_change
286,37,0,0,11,0,1,1,24,0,1,0,11,1,-0.73649,0.59793,-0.46824,0.85985,0.38733,0.02739,mel5P037.aif,1,A,ascending,no_change
287,37,0,0,11,0,1,1,24,0,1,0,11,1,-0.73649,0.59793,-0.46824,0.85985,0.38733,0.02739,mel6P037.aif,2,A,ascending,change
288,37,0,0,11,0,1,1,24,0,1,0,11,1,-0.73649,0.59793,-0.46824,0.85985,0.38733,0.02739,mel2P037.aif,1,A,descending,change
289,38,2,2,14,0,2,3,24,1,0,1,12,1,0.40916,1.50129,1.02162,0.85985,0.68859,0.02739,mel5P038.aif,2,B,descending,no_change
290,38,2,2,14,0,2,3,24,1,0,1,12,1,0.40916,1.50129,1.02162,0.85985,0.68859,0.02739,mel4P038.aif,1,B,ascending,no_change
291,38,2,2,14,0,2,3,24,1,0,1,12,1,0.40916,1.50129,1.02162,0.85985,0.68859,0.02739,mel7P038.aif,2,B,descending,no_change
292,38,2,2,14,0,2,3,24,1,0,1,12,1,0.40916,1.50129,1.02162,0.85985,0.68859,0.02739,mel6P038.aif,2,B,descending,no_change
293,38,2,2,14,0,2,3,24,1,0,1,12,1,0.40916,1.50129,1.02162,0.85985,0.68859,0.02739,mel2P038.aif,1,B,ascending,no_change
294,38,2,2,14,0,2,3,24,1,0,1,12,1,0.40916,1.50129,1.02162,0.85985,0.68859,0.02739,mel8P038.aif,2,B,descending,no_change
295,38,2,2,14,0,2,3,24,1,0,1,12,1,0.40916,1.50129,1.02162,0.85985,0.68859,0.02739,mel3P038.aif,1,B,ascending,no_change
297,39,0,0,14,0,2,2,22,0,1,0,11,1,-0.73649,1.50129,0.27669,0.486,0.38733,0.02739,mel2P039.aif,1,A,descending,change
298,39,0,0,14,0,2,2,22,0,1,0,11,1,-0.73649,1.50129,0.27669,0.486,0.38733,0.02739,mel1P039.aif,2,A,descending,no_change
299,39,0,0,14,0,2,2,22,0,1,0,11,1,-0.73649,1.50129,0.27669,0.486,0.38733,0.02739,mel4P039.aif,1,A,descending,change
300,39,0,0,14,0,2,2,22,0,1,0,11,1,-0.73649,1.50129,0.27669,0.486,0.38733,0.02739,mel3P039.aif,2,A,descending,no_change
301,39,0,0,14,0,2,2,22,0,1,0,11,1,-0.73649,1.50129,0.27669,0.486,0.38733,0.02739,mel6P039.aif,2,A,ascending,change
302,39,0,0,14,0,2,2,22,0,1,0,11,1,-0.73649,1.50129,0.27669,0.486,0.38733,0.02739,mel5P039.aif,2,A,ascending,change
303,39,0,0,14,0,2,2,22,0,1,0,11,1,-0.73649,1.50129,0.27669,0.486,0.38733,0.02739,mel7P039.aif,1,A,ascending,no_change
304,39,0,0,14,0,2,2,22,0,1,0,11,1,-0.73649,1.50129,0.27669,0.486,0.38733,0.02739,mel8P039.aif,1,A,ascending,no_change
305,40,3,3,8,0,0,0,17,0,1,0,14,1,0.98198,-0.30542,-1.21317,-0.44862,1.2911,0.02739,mel7P040.aif,1,B,descending,change
306,40,3,3,8,0,0,0,17,0,1,0,14,1,0.98198,-0.30542,-1.21317,-0.44862,1.2911,0.02739,mel8P040.aif,1,B,descending,change
308,40,3,3,8,0,0,0,17,0,1,0,14,1,0.98198,-0.30542,-1.21317,-0.44862,1.2911,0.02739,mel6P040.aif,2,B,descending,no_change
309,40,3,3,8,0,0,0,17,0,1,0,14,1,0.98198,-0.30542,-1.21317,-0.44862,1.2911,0.02739,mel2P040.aif,1,B,ascending,no_change
310,40,3,3,8,0,0,0,17,0,1,0,14,1,0.98198,-0.30542,-1.21317,-0.44862,1.2911,0.02739,mel4P040.aif,1,B,ascending,no_change
311,40,3,3,8,0,0,0,17,0,1,0,14,1,0.98198,-0.30542,-1.21317,-0.44862,1.2911,0.02739,mel3P040.aif,2,B,ascending,change
312,40,3,3,8,0,0,0,17,0,1,0,14,1,0.98198,-0.30542,-1.21317,-0.44862,1.2911,0.02739,mel5P040.aif,1,B,descending,change
313,41,0,0,6,0,1,1,25,0,1,0,13,1,-0.73649,-0.90765,-0.46824,1.04677,0.98984,0.02739,mel4P041.aif,2,A,descending,no_change
314,41,0,0,6,0,1,1,25,0,1,0,13,1,-0.73649,-0.90765,-0.46824,1.04677,0.98984,0.02739,mel6P041.aif,2,A,ascending,change
315,41,0,0,6,0,1,1,25,0,1,0,13,1,-0.73649,-0.90765,-0.46824,1.04677,0.98984,0.02739,mel8P041.aif,1,A,ascending,no_change
316,41,0,0,6,0,1,1,25,0,1,0,13,1,-0.73649,-0.90765,-0.46824,1.04677,0.98984,0.02739,mel7P041.aif,1,A,ascending,no_change
317,41,0,0,6,0,1,1,25,0,1,0,13,1,-0.73649,-0.90765,-0.46824,1.04677,0.98984,0.02739,mel2P041.aif,2,A,descending,no_change
318,41,0,0,6,0,1,1,25,0,1,0,13,1,-0.73649,-0.90765,-0.46824,1.04677,0.98984,0.02739,mel3P041.aif,2,A,descending,no_change
319,41,0,0,6,0,1,1,25,0,1,0,13,1,-0.73649,-0.90765,-0.46824,1.04677,0.98984,0.02739,mel1P041.aif,1,A,descending,change
320,41,0,0,6,0,1,1,25,0,1,0,13,1,-0.73649,-0.90765,-0.46824,1.04677,0.98984,0.02739,mel5P041.aif,1,A,ascending,no_change
321,42,1,1,13,0,0,0,25,0,0,0,14,0,-0.16366,1.20017,-1.21317,1.04677,1.2911,-0.61182,mel8P042.aif,2,B,descending,no_change
322,42,1,1,13,0,0,0,25,0,0,0,14,0,-0.16366,1.20017,-1.21317,1.04677,1.2911,-0.61182,mel7P042.aif,1,B,descending,change
323,42,1,1,13,0,0,0,25,0,0,0,14,0,-0.16366,1.20017,-1.21317,1.04677,1.2911,-0.61182,mel4P042.aif,1,B,ascending,no_change
324,42,1,1,13,0,0,0,25,0,0,0,14,0,-0.16366,1.20017,-1.21317,1.04677,1.2911,-0.61182,mel2P042.aif,1,B,ascending,no_change
326,42,1,1,13,0,0,0,25,0,0,0,14,0,-0.16366,1.20017,-1.21317,1.04677,1.2911,-0.61182,mel6P042.aif,2,B,descending,no_change
327,42,1,1,13,0,0,0,25,0,0,0,14,0,-0.16366,1.20017,-1.21317,1.04677,1.2911,-0.61182,mel3P042.aif,1,B,ascending,no_change
328,42,1,1,13,0,0,0,25,0,0,0,14,0,-0.16366,1.20017,-1.21317,1.04677,1.2911,-0.61182,mel5P042.aif,2,B,descending,no_change
329,201,0,0,14,0,0,2,16,2,0,0,8,0,-0.73649,1.50129,0.27669,-0.63554,-0.51644,-0.61182,mel4P201.aif,1,A,descending,change
330,201,0,0,14,0,0,2,16,2,0,0,8,0,-0.73649,1.50129,0.27669,-0.63554,-0.51644,-0.61182,mel6P201.aif,2,A,ascending,change
331,201,0,0,14,0,0,2,16,2,0,0,8,0,-0.73649,1.50129,0.27669,-0.63554,-0.51644,-0.61182,mel7P201.aif,1,A,ascending,no_change
332,201,0,0,14,0,0,2,16,2,0,0,8,0,-0.73649,1.50129,0.27669,-0.63554,-0.51644,-0.61182,mel8P201.aif,2,A,ascending,change
333,201,0,0,14,0,0,2,16,2,0,0,8,0,-0.73649,1.50129,0.27669,-0.63554,-0.51644,-0.61182,mel5P201.aif,2,A,ascending,change
334,201,0,0,14,0,0,2,16,2,0,0,8,0,-0.73649,1.50129,0.27669,-0.63554,-0.51644,-0.61182,mel1P201.aif,2,A,descending,no_change
335,201,0,0,14,0,0,2,16,2,0,0,8,0,-0.73649,1.50129,0.27669,-0.63554,-0.51644,-0.61182,mel3P201.aif,2,A,descending,no_change
336,201,0,0,14,0,0,2,16,2,0,0,8,0,-0.73649,1.50129,0.27669,-0.63554,-0.51644,-0.61182,mel2P201.aif,2,A,descending,no_change
338,202,0,0,9,0,4,4,8,0,1,1,8,2,-0.73649,-0.0043,1.76654,-2.13092,-0.51644,0.66661,mel4P202.aif,1,B,ascending,no_change
339,202,0,0,9,0,4,4,8,0,1,1,8,2,-0.73649,-0.0043,1.76654,-2.13092,-0.51644,0.66661,mel6P202.aif,2,B,descending,no_change
340,202,0,0,9,0,4,4,8,0,1,1,8,2,-0.73649,-0.0043,1.76654,-2.13092,-0.51644,0.66661,mel7P202.aif,2,B,descending,no_change
341,202,0,0,9,0,4,4,8,0,1,1,8,2,-0.73649,-0.0043,1.76654,-2.13092,-0.51644,0.66661,mel5P202.aif,2,B,descending,no_change
342,202,0,0,9,0,4,4,8,0,1,1,8,2,-0.73649,-0.0043,1.76654,-2.13092,-0.51644,0.66661,mel3P202.aif,1,B,ascending,no_change
343,202,0,0,9,0,4,4,8,0,1,1,8,2,-0.73649,-0.0043,1.76654,-2.13092,-0.51644,0.66661,mel8P202.aif,2,B,descending,no_change
344,202,0,0,9,0,4,4,8,0,1,1,8,2,-0.73649,-0.0043,1.76654,-2.13092,-0.51644,0.66661,mel2P202.aif,1,B,ascending,no_change
345,203,0,0,11,0,1,1,21,0,4,3,6,7,-0.73649,0.59793,-0.46824,0.29908,-1.11895,3.86268,mel6P203.aif,1,A,ascending,no_change
346,203,0,0,11,0,1,1,21,0,4,3,6,7,-0.73649,0.59793,-0.46824,0.29908,-1.11895,3.86268,mel8P203.aif,1,A,ascending,no_change
347,203,0,0,11,0,1,1,21,0,4,3,6,7,-0.73649,0.59793,-0.46824,0.29908,-1.11895,3.86268,mel5P203.aif,1,A,ascending,no_change
348,203,0,0,11,0,1,1,21,0,4,3,6,7,-0.73649,0.59793,-0.46824,0.29908,-1.11895,3.86268,mel1P203.aif,1,A,descending,change
349,203,0,0,11,0,1,1,21,0,4,3,6,7,-0.73649,0.59793,-0.46824,0.29908,-1.11895,3.86268,mel7P203.aif,2,A,ascending,change
350,203,0,0,11,0,1,1,21,0,4,3,6,7,-0.73649,0.59793,-0.46824,0.29908,-1.11895,3.86268,mel4P203.aif,2,A,descending,no_change
351,203,0,0,11,0,1,1,21,0,4,3,6,7,-0.73649,0.59793,-0.46824,0.29908,-1.11895,3.86268,mel3P203.aif,2,A,descending,no_change
353,204,8,8,5,0,1,1,9,0,1,0,5,1,3.84609,-1.20877,-0.46824,-1.944,-1.42021,0.02739,mel6P204.aif,2,B,descending,no_change
354,204,8,8,5,0,1,1,9,0,1,0,5,1,3.84609,-1.20877,-0.46824,-1.944,-1.42021,0.02739,mel3P204.aif,2,B,ascending,change
356,204,8,8,5,0,1,1,9,0,1,0,5,1,3.84609,-1.20877,-0.46824,-1.944,-1.42021,0.02739,mel4P204.aif,2,B,ascending,change
358,204,8,8,5,0,1,1,9,0,1,0,5,1,3.84609,-1.20877,-0.46824,-1.944,-1.42021,0.02739,mel7P204.aif,1,B,descending,change
359,204,8,8,5,0,1,1,9,0,1,0,5,1,3.84609,-1.20877,-0.46824,-1.944,-1.42021,0.02739,mel5P204.aif,2,B,descending,no_change
360,204,8,8,5,0,1,1,9,0,1,0,5,1,3.84609,-1.20877,-0.46824,-1.944,-1.42021,0.02739,mel2P204.aif,2,B,ascending,change
361,205,0,1,9,1,4,5,18,1,0,0,6,0,-0.16366,-0.0043,2.51147,-0.26169,-1.11895,-0.61182,mel6P205.aif,2,A,ascending,change
362,205,0,1,9,1,4,5,18,1,0,0,6,0,-0.16366,-0.0043,2.51147,-0.26169,-1.11895,-0.61182,mel7P205.aif,2,A,ascending,change
363,205,0,1,9,1,4,5,18,1,0,0,6,0,-0.16366,-0.0043,2.51147,-0.26169,-1.11895,-0.61182,mel5P205.aif,1,A,ascending,no_change
364,205,0,1,9,1,4,5,18,1,0,0,6,0,-0.16366,-0.0043,2.51147,-0.26169,-1.11895,-0.61182,mel1P205.aif,1,A,descending,change
365,205,0,1,9,1,4,5,18,1,0,0,6,0,-0.16366,-0.0043,2.51147,-0.26169,-1.11895,-0.61182,mel4P205.aif,2,A,descending,no_change
366,205,0,1,9,1,4,5,18,1,0,0,6,0,-0.16366,-0.0043,2.51147,-0.26169,-1.11895,-0.61182,mel3P205.aif,2,A,descending,no_change
367,205,0,1,9,1,4,5,18,1,0,0,6,0,-0.16366,-0.0043,2.51147,-0.26169,-1.11895,-0.61182,mel2P205.aif,2,A,descending,no_change
368,205,0,1,9,1,4,5,18,1,0,0,6,0,-0.16366,-0.0043,2.51147,-0.26169,-1.11895,-0.61182,mel8P205.aif,2,A,ascending,change
377,207,2,2,8,0,3,5,8,2,2,1,1,3,0.40916,-0.30542,2.51147,-2.13092,-2.62523,1.30582,mel2P207.aif,2,A,descending,no_change
378,207,2,2,8,0,3,5,8,2,2,1,1,3,0.40916,-0.30542,2.51147,-2.13092,-2.62523,1.30582,mel1P207.aif,2,A,descending,no_change
379,207,2,2,8,0,3,5,8,2,2,1,1,3,0.40916,-0.30542,2.51147,-2.13092,-2.62523,1.30582,mel5P207.aif,2,A,ascending,change
380,207,2,2,8,0,3,5,8,2,2,1,1,3,0.40916,-0.30542,2.51147,-2.13092,-2.62523,1.30582,mel7P207.aif,1,A,ascending,no_change
381,207,2,2,8,0,3,5,8,2,2,1,1,3,0.40916,-0.30542,2.51147,-2.13092,-2.62523,1.30582,mel4P207.aif,2,A,descending,no_change
382,207,2,2,8,0,3,5,8,2,2,1,1,3,0.40916,-0.30542,2.51147,-2.13092,-2.62523,1.30582,mel3P207.aif,2,A,descending,no_change
383,207,2,2,8,0,3,5,8,2,2,1,1,3,0.40916,-0.30542,2.51147,-2.13092,-2.62523,1.30582,mel6P207.aif,2,A,ascending,change
384,207,2,2,8,0,3,5,8,2,2,1,1,3,0.40916,-0.30542,2.51147,-2.13092,-2.62523,1.30582,mel8P207.aif,1,A,ascending,no_change
385,209,0,0,11,0,2,2,19,0,1,0,9,1,-0.73649,0.59793,0.27669,-0.07477,-0.21518,0.02739,mel2P209.aif,2,A,descending,no_change
386,209,0,0,11,0,2,2,19,0,1,0,9,1,-0.73649,0.59793,0.27669,-0.07477,-0.21518,0.02739,mel6P209.aif,2,A,ascending,change
387,209,0,0,11,0,2,2,19,0,1,0,9,1,-0.73649,0.59793,0.27669,-0.07477,-0.21518,0.02739,mel5P209.aif,2,A,ascending,change
388,209,0,0,11,0,2,2,19,0,1,0,9,1,-0.73649,0.59793,0.27669,-0.07477,-0.21518,0.02739,mel7P209.aif,1,A,ascending,no_change
389,209,0,0,11,0,2,2,19,0,1,0,9,1,-0.73649,0.59793,0.27669,-0.07477,-0.21518,0.02739,mel3P209.aif,2,A,descending,no_change
390,209,0,0,11,0,2,2,19,0,1,0,9,1,-0.73649,0.59793,0.27669,-0.07477,-0.21518,0.02739,mel4P209.aif,2,A,descending,no_change
391,209,0,0,11,0,2,2,19,0,1,0,9,1,-0.73649,0.59793,0.27669,-0.07477,-0.21518,0.02739,mel1P209.aif,1,A,descending,change
392,209,0,0,11,0,2,2,19,0,1,0,9,1,-0.73649,0.59793,0.27669,-0.07477,-0.21518,0.02739,mel8P209.aif,1,A,ascending,no_change
393,210,1,1,9,0,1,1,25,0,0,0,7,0,-0.16366,-0.0043,-0.46824,1.04677,-0.8177,-0.61182,mel7P210.aif,1,A,ascending,no_change
394,210,1,1,9,0,1,1,25,0,0,0,7,0,-0.16366,-0.0043,-0.46824,1.04677,-0.8177,-0.61182,mel2P210.aif,2,A,descending,no_change
395,210,1,1,9,0,1,1,25,0,0,0,7,0,-0.16366,-0.0043,-0.46824,1.04677,-0.8177,-0.61182,mel6P210.aif,2,A,ascending,change
396,210,1,1,9,0,1,1,25,0,0,0,7,0,-0.16366,-0.0043,-0.46824,1.04677,-0.8177,-0.61182,mel1P210.aif,2,A,descending,no_change
397,210,1,1,9,0,1,1,25,0,0,0,7,0,-0.16366,-0.0043,-0.46824,1.04677,-0.8177,-0.61182,mel8P210.aif,1,A,ascending,no_change
398,210,1,1,9,0,1,1,25,0,0,0,7,0,-0.16366,-0.0043,-0.46824,1.04677,-0.8177,-0.61182,mel3P210.aif,2,A,descending,no_change
399,210,1,1,9,0,1,1,25,0,0,0,7,0,-0.16366,-0.0043,-0.46824,1.04677,-0.8177,-0.61182,mel5P210.aif,2,A,ascending,change
400,210,1,1,9,0,1,1,25,0,0,0,7,0,-0.16366,-0.0043,-0.46824,1.04677,-0.8177,-0.61182,mel4P210.aif,2,A,descending,no_change
401,211,10,10,2,0,2,2,19,0,3,0,6,3,4.99173,-2.11213,0.27669,-0.07477,-1.11895,1.30582,mel7P211.aif,2,B,descending,no_change
402,211,10,10,2,0,2,2,19,0,3,0,6,3,4.99173,-2.11213,0.27669,-0.07477,-1.11895,1.30582,mel8P211.aif,2,B,descending,no_change
403,211,10,10,2,0,2,2,19,0,3,0,6,3,4.99173,-2.11213,0.27669,-0.07477,-1.11895,1.30582,mel3P211.aif,2,B,ascending,change
404,211,10,10,2,0,2,2,19,0,3,0,6,3,4.99173,-2.11213,0.27669,-0.07477,-1.11895,1.30582,mel6P211.aif,2,B,descending,no_change
406,211,10,10,2,0,2,2,19,0,3,0,6,3,4.99173,-2.11213,0.27669,-0.07477,-1.11895,1.30582,mel4P211.aif,2,B,ascending,change
407,211,10,10,2,0,2,2,19,0,3,0,6,3,4.99173,-2.11213,0.27669,-0.07477,-1.11895,1.30582,mel5P211.aif,2,B,descending,no_change
408,211,10,10,2,0,2,2,19,0,3,0,6,3,4.99173,-2.11213,0.27669,-0.07477,-1.11895,1.30582,mel2P211.aif,2,B,ascending,change
410,212,0,0,7,0,0,2,14,2,0,0,5,0,-0.73649,-0.60654,0.27669,-1.00938,-1.42021,-0.61182,mel5P212.aif,2,B,descending,no_change
411,212,0,0,7,0,0,2,14,2,0,0,5,0,-0.73649,-0.60654,0.27669,-1.00938,-1.42021,-0.61182,mel6P212.aif,1,B,descending,change
412,212,0,0,7,0,0,2,14,2,0,0,5,0,-0.73649,-0.60654,0.27669,-1.00938,-1.42021,-0.61182,mel4P212.aif,2,B,ascending,change
413,212,0,0,7,0,0,2,14,2,0,0,5,0,-0.73649,-0.60654,0.27669,-1.00938,-1.42021,-0.61182,mel7P212.aif,2,B,descending,no_change
414,212,0,0,7,0,0,2,14,2,0,0,5,0,-0.73649,-0.60654,0.27669,-1.00938,-1.42021,-0.61182,mel2P212.aif,2,B,ascending,change
415,212,0,0,7,0,0,2,14,2,0,0,5,0,-0.73649,-0.60654,0.27669,-1.00938,-1.42021,-0.61182,mel8P212.aif,2,B,descending,no_change
416,212,0,0,7,0,0,2,14,2,0,0,5,0,-0.73649,-0.60654,0.27669,-1.00938,-1.42021,-0.61182,mel3P212.aif,1,B,ascending,no_change
417,213,0,0,8,0,0,0,25,0,0,0,11,0,-0.73649,-0.30542,-1.21317,1.04677,0.38733,-0.61182,mel6P213.aif,2,A,ascending,change
418,213,0,0,8,0,0,0,25,0,0,0,11,0,-0.73649,-0.30542,-1.21317,1.04677,0.38733,-0.61182,mel2P213.aif,2,A,descending,no_change
419,213,0,0,8,0,0,0,25,0,0,0,11,0,-0.73649,-0.30542,-1.21317,1.04677,0.38733,-0.61182,mel4P213.aif,2,A,descending,no_change
420,213,0,0,8,0,0,0,25,0,0,0,11,0,-0.73649,-0.30542,-1.21317,1.04677,0.38733,-0.61182,mel1P213.aif,2,A,descending,no_change
421,213,0,0,8,0,0,0,25,0,0,0,11,0,-0.73649,-0.30542,-1.21317,1.04677,0.38733,-0.61182,mel7P213.aif,1,A,ascending,no_change
422,213,0,0,8,0,0,0,25,0,0,0,11,0,-0.73649,-0.30542,-1.21317,1.04677,0.38733,-0.61182,mel5P213.aif,2,A,ascending,change
423,213,0,0,8,0,0,0,25,0,0,0,11,0,-0.73649,-0.30542,-1.21317,1.04677,0.38733,-0.61182,mel8P213.aif,1,A,ascending,no_change
424,213,0,0,8,0,0,0,25,0,0,0,11,0,-0.73649,-0.30542,-1.21317,1.04677,0.38733,-0.61182,mel3P213.aif,2,A,descending,no_change
425,214,0,0,13,0,0,0,13,0,1,0,12,1,-0.73649,1.20017,-1.21317,-1.19631,0.68859,0.02739,mel2P214.aif,1,B,ascending,no_change
426,214,0,0,13,0,0,0,13,0,1,0,12,1,-0.73649,1.20017,-1.21317,-1.19631,0.68859,0.02739,mel8P214.aif,2,B,descending,no_change
427,214,0,0,13,0,0,0,13,0,1,0,12,1,-0.73649,1.20017,-1.21317,-1.19631,0.68859,0.02739,mel6P214.aif,2,B,descending,no_change
428,214,0,0,13,0,0,0,13,0,1,0,12,1,-0.73649,1.20017,-1.21317,-1.19631,0.68859,0.02739,mel7P214.aif,1,B,descending,change
429,214,0,0,13,0,0,0,13,0,1,0,12,1,-0.73649,1.20017,-1.21317,-1.19631,0.68859,0.02739,mel4P214.aif,2,B,ascending,change
431,214,0,0,13,0,0,0,13,0,1,0,12,1,-0.73649,1.20017,-1.21317,-1.19631,0.68859,0.02739,mel5P214.aif,1,B,descending,change
432,214,0,0,13,0,0,0,13,0,1,0,12,1,-0.73649,1.20017,-1.21317,-1.19631,0.68859,0.02739,mel3P214.aif,2,B,ascending,change
433,215,1,1,6,0,0,1,15,1,1,0,12,1,-0.16366,-0.90765,-0.46824,-0.82246,0.68859,0.02739,mel6P215.aif,2,A,ascending,change
434,215,1,1,6,0,0,1,15,1,1,0,12,1,-0.16366,-0.90765,-0.46824,-0.82246,0.68859,0.02739,mel2P215.aif,1,A,descending,change
435,215,1,1,6,0,0,1,15,1,1,0,12,1,-0.16366,-0.90765,-0.46824,-0.82246,0.68859,0.02739,mel4P215.aif,1,A,descending,change
436,215,1,1,6,0,0,1,15,1,1,0,12,1,-0.16366,-0.90765,-0.46824,-0.82246,0.68859,0.02739,mel1P215.aif,1,A,descending,change
437,215,1,1,6,0,0,1,15,1,1,0,12,1,-0.16366,-0.90765,-0.46824,-0.82246,0.68859,0.02739,mel5P215.aif,1,A,ascending,no_change
438,215,1,1,6,0,0,1,15,1,1,0,12,1,-0.16366,-0.90765,-0.46824,-0.82246,0.68859,0.02739,mel8P215.aif,1,A,ascending,no_change
439,215,1,1,6,0,0,1,15,1,1,0,12,1,-0.16366,-0.90765,-0.46824,-0.82246,0.68859,0.02739,mel7P215.aif,1,A,ascending,no_change
440,215,1,1,6,0,0,1,15,1,1,0,12,1,-0.16366,-0.90765,-0.46824,-0.82246,0.68859,0.02739,mel3P215.aif,2,A,descending,no_change
441,216,0,0,11,0,5,5,16,0,1,0,13,1,-0.73649,0.59793,2.51147,-0.63554,0.98984,0.02739,mel6P216.aif,2,B,descending,no_change
442,216,0,0,11,0,5,5,16,0,1,0,13,1,-0.73649,0.59793,2.51147,-0.63554,0.98984,0.02739,mel7P216.aif,2,B,descending,no_change
443,216,0,0,11,0,5,5,16,0,1,0,13,1,-0.73649,0.59793,2.51147,-0.63554,0.98984,0.02739,mel2P216.aif,1,B,ascending,no_change
445,216,0,0,11,0,5,5,16,0,1,0,13,1,-0.73649,0.59793,2.51147,-0.63554,0.98984,0.02739,mel4P216.aif,1,B,ascending,no_change
446,216,0,0,11,0,5,5,16,0,1,0,13,1,-0.73649,0.59793,2.51147,-0.63554,0.98984,0.02739,mel3P216.aif,1,B,ascending,no_change
447,216,0,0,11,0,5,5,16,0,1,0,13,1,-0.73649,0.59793,2.51147,-0.63554,0.98984,0.02739,mel5P216.aif,1,B,descending,change
448,216,0,0,11,0,5,5,16,0,1,0,13,1,-0.73649,0.59793,2.51147,-0.63554,0.98984,0.02739,mel8P216.aif,1,B,descending,change
449,217,0,0,11,0,0,1,16,1,1,1,4,2,-0.73649,0.59793,-0.46824,-0.63554,-1.72146,0.66661,mel7P217.aif,1,A,ascending,no_change
450,217,0,0,11,0,0,1,16,1,1,1,4,2,-0.73649,0.59793,-0.46824,-0.63554,-1.72146,0.66661,mel2P217.aif,2,A,descending,no_change
451,217,0,0,11,0,0,1,16,1,1,1,4,2,-0.73649,0.59793,-0.46824,-0.63554,-1.72146,0.66661,mel8P217.aif,1,A,ascending,no_change
452,217,0,0,11,0,0,1,16,1,1,1,4,2,-0.73649,0.59793,-0.46824,-0.63554,-1.72146,0.66661,mel4P217.aif,1,A,descending,change
453,217,0,0,11,0,0,1,16,1,1,1,4,2,-0.73649,0.59793,-0.46824,-0.63554,-1.72146,0.66661,mel6P217.aif,2,A,ascending,change
454,217,0,0,11,0,0,1,16,1,1,1,4,2,-0.73649,0.59793,-0.46824,-0.63554,-1.72146,0.66661,mel3P217.aif,1,A,descending,change
455,217,0,0,11,0,0,1,16,1,1,1,4,2,-0.73649,0.59793,-0.46824,-0.63554,-1.72146,0.66661,mel5P217.aif,1,A,ascending,no_change
456,217,0,0,11,0,0,1,16,1,1,1,4,2,-0.73649,0.59793,-0.46824,-0.63554,-1.72146,0.66661,mel1P217.aif,1,A,descending,change
458,218,0,1,3,1,1,1,9,0,0,1,3,1,-0.16366,-1.81101,-0.46824,-1.944,-2.02272,0.02739,mel5P218.aif,2,B,descending,no_change
459,218,0,1,3,1,1,1,9,0,0,1,3,1,-0.16366,-1.81101,-0.46824,-1.944,-2.02272,0.02739,mel7P218.aif,2,B,descending,no_change
460,218,0,1,3,1,1,1,9,0,0,1,3,1,-0.16366,-1.81101,-0.46824,-1.944,-2.02272,0.02739,mel2P218.aif,1,B,ascending,no_change
461,218,0,1,3,1,1,1,9,0,0,1,3,1,-0.16366,-1.81101,-0.46824,-1.944,-2.02272,0.02739,mel6P218.aif,2,B,descending,no_change
462,218,0,1,3,1,1,1,9,0,0,1,3,1,-0.16366,-1.81101,-0.46824,-1.944,-2.02272,0.02739,mel8P218.aif,1,B,descending,change
463,218,0,1,3,1,1,1,9,0,0,1,3,1,-0.16366,-1.81101,-0.46824,-1.944,-2.02272,0.02739,mel4P218.aif,1,B,ascending,no_change
464,218,0,1,3,1,1,1,9,0,0,1,3,1,-0.16366,-1.81101,-0.46824,-1.944,-2.02272,0.02739,mel3P218.aif,1,B,ascending,no_change
465,219,0,0,11,0,2,2,25,0,0,0,14,0,-0.73649,0.59793,0.27669,1.04677,1.2911,-0.61182,mel7P219.aif,1,A,ascending,no_change
467,219,0,0,11,0,2,2,25,0,0,0,14,0,-0.73649,0.59793,0.27669,1.04677,1.2911,-0.61182,mel6P219.aif,2,A,ascending,change
468,219,0,0,11,0,2,2,25,0,0,0,14,0,-0.73649,0.59793,0.27669,1.04677,1.2911,-0.61182,mel4P219.aif,1,A,descending,change
469,219,0,0,11,0,2,2,25,0,0,0,14,0,-0.73649,0.59793,0.27669,1.04677,1.2911,-0.61182,mel3P219.aif,1,A,descending,change
470,219,0,0,11,0,2,2,25,0,0,0,14,0,-0.73649,0.59793,0.27669,1.04677,1.2911,-0.61182,mel1P219.aif,1,A,descending,change
471,219,0,0,11,0,2,2,25,0,0,0,14,0,-0.73649,0.59793,0.27669,1.04677,1.2911,-0.61182,mel5P219.aif,1,A,ascending,no_change
472,219,0,0,11,0,2,2,25,0,0,0,14,0,-0.73649,0.59793,0.27669,1.04677,1.2911,-0.61182,mel8P219.aif,1,A,ascending,no_change
473,220,0,1,9,1,2,2,11,0,0,0,6,0,-0.16366,-0.0043,0.27669,-1.57015,-1.11895,-0.61182,mel6P220.aif,1,B,descending,change
474,220,0,1,9,1,2,2,11,0,0,0,6,0,-0.16366,-0.0043,0.27669,-1.57015,-1.11895,-0.61182,mel7P220.aif,2,B,descending,no_change
477,220,0,1,9,1,2,2,11,0,0,0,6,0,-0.16366,-0.0043,0.27669,-1.57015,-1.11895,-0.61182,mel5P220.aif,2,B,descending,no_change
478,220,0,1,9,1,2,2,11,0,0,0,6,0,-0.16366,-0.0043,0.27669,-1.57015,-1.11895,-0.61182,mel4P220.aif,2,B,ascending,change
479,220,0,1,9,1,2,2,11,0,0,0,6,0,-0.16366,-0.0043,0.27669,-1.57015,-1.11895,-0.61182,mel8P220.aif,2,B,descending,no_change
480,220,0,1,9,1,2,2,11,0,0,0,6,0,-0.16366,-0.0043,0.27669,-1.57015,-1.11895,-0.61182,mel3P220.aif,2,B,ascending,change
481,221,0,0,7,0,2,2,21,0,0,0,10,0,-0.73649,-0.60654,0.27669,0.29908,0.08607,-0.61182,mel2P221.aif,2,A,descending,no_change
482,221,0,0,7,0,2,2,21,0,0,0,10,0,-0.73649,-0.60654,0.27669,0.29908,0.08607,-0.61182,mel7P221.aif,1,A,ascending,no_change
483,221,0,0,7,0,2,2,21,0,0,0,10,0,-0.73649,-0.60654,0.27669,0.29908,0.08607,-0.61182,mel6P221.aif,1,A,ascending,no_change
484,221,0,0,7,0,2,2,21,0,0,0,10,0,-0.73649,-0.60654,0.27669,0.29908,0.08607,-0.61182,mel5P221.aif,1,A,ascending,no_change
485,221,0,0,7,0,2,2,21,0,0,0,10,0,-0.73649,-0.60654,0.27669,0.29908,0.08607,-0.61182,mel1P221.aif,1,A,descending,change
486,221,0,0,7,0,2,2,21,0,0,0,10,0,-0.73649,-0.60654,0.27669,0.29908,0.08607,-0.61182,mel8P221.aif,1,A,ascending,no_change
487,221,0,0,7,0,2,2,21,0,0,0,10,0,-0.73649,-0.60654,0.27669,0.29908,0.08607,-0.61182,mel4P221.aif,2,A,descending,no_change
488,221,0,0,7,0,2,2,21,0,0,0,10,0,-0.73649,-0.60654,0.27669,0.29908,0.08607,-0.61182,mel3P221.aif,1,A,descending,change
497,223,1,1,10,0,0,1,19,1,0,0,11,0,-0.16366,0.29682,-0.46824,-0.07477,0.38733,-0.61182,mel7P223.aif,1,A,ascending,no_change
498,223,1,1,10,0,0,1,19,1,0,0,11,0,-0.16366,0.29682,-0.46824,-0.07477,0.38733,-0.61182,mel6P223.aif,2,A,ascending,change
499,223,1,1,10,0,0,1,19,1,0,0,11,0,-0.16366,0.29682,-0.46824,-0.07477,0.38733,-0.61182,mel4P223.aif,2,A,descending,no_change
500,223,1,1,10,0,0,1,19,1,0,0,11,0,-0.16366,0.29682,-0.46824,-0.07477,0.38733,-0.61182,mel2P223.aif,2,A,descending,no_change
501,223,1,1,10,0,0,1,19,1,0,0,11,0,-0.16366,0.29682,-0.46824,-0.07477,0.38733,-0.61182,mel5P223.aif,2,A,ascending,change
502,223,1,1,10,0,0,1,19,1,0,0,11,0,-0.16366,0.29682,-0.46824,-0.07477,0.38733,-0.61182,mel8P223.aif,2,A,ascending,change
503,223,1,1,10,0,0,1,19,1,0,0,11,0,-0.16366,0.29682,-0.46824,-0.07477,0.38733,-0.61182,mel3P223.aif,2,A,descending,no_change
504,223,1,1,10,0,0,1,19,1,0,0,11,0,-0.16366,0.29682,-0.46824,-0.07477,0.38733,-0.61182,mel1P223.aif,2,A,descending,no_change
529,227,1,1,7,0,1,1,20,0,0,0,12,0,-0.16366,-0.60654,-0.46824,0.11215,0.68859,-0.61182,mel2P227.aif,2,A,descending,no_change
530,227,1,1,7,0,1,1,20,0,0,0,12,0,-0.16366,-0.60654,-0.46824,0.11215,0.68859,-0.61182,mel7P227.aif,1,A,ascending,no_change
531,227,1,1,7,0,1,1,20,0,0,0,12,0,-0.16366,-0.60654,-0.46824,0.11215,0.68859,-0.61182,mel5P227.aif,2,A,ascending,change
532,227,1,1,7,0,1,1,20,0,0,0,12,0,-0.16366,-0.60654,-0.46824,0.11215,0.68859,-0.61182,mel6P227.aif,1,A,ascending,no_change
533,227,1,1,7,0,1,1,20,0,0,0,12,0,-0.16366,-0.60654,-0.46824,0.11215,0.68859,-0.61182,mel1P227.aif,2,A,descending,no_change
534,227,1,1,7,0,1,1,20,0,0,0,12,0,-0.16366,-0.60654,-0.46824,0.11215,0.68859,-0.61182,mel8P227.aif,1,A,ascending,no_change
535,227,1,1,7,0,1,1,20,0,0,0,12,0,-0.16366,-0.60654,-0.46824,0.11215,0.68859,-0.61182,mel4P227.aif,2,A,descending,no_change
536,227,1,1,7,0,1,1,20,0,0,0,12,0,-0.16366,-0.60654,-0.46824,0.11215,0.68859,-0.61182,mel3P227.aif,2,A,descending,no_change
537,228,1,1,12,0,0,2,25,2,1,0,12,1,-0.16366,0.89905,0.27669,1.04677,0.68859,0.02739,mel7P228.aif,2,B,descending,no_change
538,228,1,1,12,0,0,2,25,2,1,0,12,1,-0.16366,0.89905,0.27669,1.04677,0.68859,0.02739,mel2P228.aif,1,B,ascending,no_change
539,228,1,1,12,0,0,2,25,2,1,0,12,1,-0.16366,0.89905,0.27669,1.04677,0.68859,0.02739,mel6P228.aif,2,B,descending,no_change
540,228,1,1,12,0,0,2,25,2,1,0,12,1,-0.16366,0.89905,0.27669,1.04677,0.68859,0.02739,mel5P228.aif,1,B,descending,change
541,228,1,1,12,0,0,2,25,2,1,0,12,1,-0.16366,0.89905,0.27669,1.04677,0.68859,0.02739,mel8P228.aif,1,B,descending,change
543,228,1,1,12,0,0,2,25,2,1,0,12,1,-0.16366,0.89905,0.27669,1.04677,0.68859,0.02739,mel4P228.aif,1,B,ascending,no_change
544,228,1,1,12,0,0,2,25,2,1,0,12,1,-0.16366,0.89905,0.27669,1.04677,0.68859,0.02739,mel3P228.aif,2,B,ascending,change
545,229,1,2,9,1,0,2,16,2,1,0,9,1,0.40916,-0.0043,0.27669,-0.63554,-0.21518,0.02739,mel2P229.aif,2,A,descending,no_change
546,229,1,2,9,1,0,2,16,2,1,0,9,1,0.40916,-0.0043,0.27669,-0.63554,-0.21518,0.02739,mel1P229.aif,1,A,descending,change
547,229,1,2,9,1,0,2,16,2,1,0,9,1,0.40916,-0.0043,0.27669,-0.63554,-0.21518,0.02739,mel8P229.aif,1,A,ascending,no_change
548,229,1,2,9,1,0,2,16,2,1,0,9,1,0.40916,-0.0043,0.27669,-0.63554,-0.21518,0.02739,mel6P229.aif,2,A,ascending,change
549,229,1,2,9,1,0,2,16,2,1,0,9,1,0.40916,-0.0043,0.27669,-0.63554,-0.21518,0.02739,mel4P229.aif,1,A,descending,change
550,229,1,2,9,1,0,2,16,2,1,0,9,1,0.40916,-0.0043,0.27669,-0.63554,-0.21518,0.02739,mel5P229.aif,1,A,ascending,no_change
551,229,1,2,9,1,0,2,16,2,1,0,9,1,0.40916,-0.0043,0.27669,-0.63554,-0.21518,0.02739,mel3P229.aif,2,A,descending,no_change
552,229,1,2,9,1,0,2,16,2,1,0,9,1,0.40916,-0.0043,0.27669,-0.63554,-0.21518,0.02739,mel7P229.aif,1,A,ascending,no_change
553,230,2,3,5,1,3,4,12,1,1,0,9,1,0.98198,-1.20877,1.76654,-1.38323,-0.21518,0.02739,mel2P230.aif,2,B,ascending,change
554,230,2,3,5,1,3,4,12,1,1,0,9,1,0.98198,-1.20877,1.76654,-1.38323,-0.21518,0.02739,mel4P230.aif,1,B,ascending,no_change
555,230,2,3,5,1,3,4,12,1,1,0,9,1,0.98198,-1.20877,1.76654,-1.38323,-0.21518,0.02739,mel5P230.aif,2,B,descending,no_change
556,230,2,3,5,1,3,4,12,1,1,0,9,1,0.98198,-1.20877,1.76654,-1.38323,-0.21518,0.02739,mel7P230.aif,2,B,descending,no_change
557,230,2,3,5,1,3,4,12,1,1,0,9,1,0.98198,-1.20877,1.76654,-1.38323,-0.21518,0.02739,mel3P230.aif,2,B,ascending,change
559,230,2,3,5,1,3,4,12,1,1,0,9,1,0.98198,-1.20877,1.76654,-1.38323,-0.21518,0.02739,mel8P230.aif,1,B,descending,change
560,230,2,3,5,1,3,4,12,1,1,0,9,1,0.98198,-1.20877,1.76654,-1.38323,-0.21518,0.02739,mel6P230.aif,1,B,descending,change